{"cameraMode":{"drawMode":0,"name":"Shaded","section":"Shading Mode"},"sceneLighting":false,"audioPlay":false,"sceneViewState":{"m_AlwaysRefresh":false,"showFog":true,"showSkybox":false,"showFlares":true,"showImageEffects":true,"showParticleSystems":true,"showVisualEffectGraphs":true,"m_FxEnabled":true},"in2DMode":false,"pivot":{"x":-0.038878314197063449,"y":1.9421019554138184,"z":1.7603298425674439},"rotation":{"x":0.28388524055480959,"y":-0.5586774349212647,"z":0.2114398181438446,"w":0.7500627040863037},"size":1.4207611083984376,"orthographic":false}