{"cameraMode":{"drawMode":0,"name":"Shaded","section":"Shading Mode"},"sceneLighting":false,"audioPlay":false,"sceneViewState":{"m_AlwaysRefresh":false,"showFog":true,"showSkybox":false,"showFlares":true,"showImageEffects":true,"showParticleSystems":true,"showVisualEffectGraphs":true,"m_FxEnabled":true},"in2DMode":false,"pivot":{"x":-0.06390061974525452,"y":-0.14210104942321778,"z":-0.003924965858459473},"rotation":{"x":-0.007471179123967886,"y":0.9921202659606934,"z":-0.10185921937227249,"w":-0.07275103032588959},"size":0.7914895415306091,"orthographic":false}