{"cameraMode":{"drawMode":0,"name":"Shaded","section":"Shading Mode"},"sceneLighting":false,"audioPlay":false,"sceneViewState":{"m_AlwaysRefresh":false,"showFog":true,"showSkybox":false,"showFlares":true,"showImageEffects":true,"showParticleSystems":true,"showVisualEffectGraphs":true,"m_FxEnabled":true},"in2DMode":false,"pivot":{"x":-0.006242632865905762,"y":0.5487761497497559,"z":-0.007734537124633789},"rotation":{"x":-0.22929225862026215,"y":0.21458333730697633,"z":-0.051895204931497577,"w":-0.9480078816413879},"size":2.3659279346466066,"orthographic":false}