{"cameraMode":{"drawMode":0,"name":"Shaded","section":"Shading Mode"},"sceneLighting":false,"audioPlay":false,"sceneViewState":{"m_AlwaysRefresh":false,"showFog":true,"showSkybox":false,"showFlares":true,"showImageEffects":true,"showParticleSystems":true,"showVisualEffectGraphs":true,"m_FxEnabled":true},"in2DMode":false,"pivot":{"x":-0.19913791120052339,"y":1.6112760305404664,"z":2.591914653778076},"rotation":{"x":-0.25964680314064028,"y":0.5668830871582031,"z":-0.19436271488666535,"w":-0.7572662234306336},"size":1.5515066385269166,"orthographic":false}